SerNum;Name;Cmp;Wiki;Status;Liftoff Thrust;Payload to LEO;Stages;Strap-ons;Rocket Height;Price;Payload to GTO;Fairing Diameter;Fairing Height
0;Tsyklon-3;Yuzhmash;https://en.wikipedia.org/wiki/Tsyklon-3;Retired;3,032;4.1;3;0;39.0 m;;0.0;;
1;Tsyklon-4M;Yuzhnoye;https://en.wikipedia.org/wiki/Cyclone-4M;Planned;3,130;5.0;2;0;38.7 m;$45.0 million;0.91;4.0 m;
2;Unha-2;KCST;https://en.wikipedia.org/wiki/Unha;Retired;1,192;0.2;3;0;28.0 m;;0.0;;
3;Unha-3;KCST;https://en.wikipedia.org/wiki/Unha;Active;1,192;0.2;3;0;32.0 m;;0.0;1.3 m;
4;Vanguard;US Navy;https://en.wikipedia.org/wiki/Vanguard_(rocket);Retired;135;0.01;3;0;23.0 m;;0.0;;
5;Vector-H;Vector;https://en.wikipedia.org/wiki/Vector-H;Planned;175;0.15;2;0;18.3 m;$3.0 million;0.0;0.6 m;0.8 m
6;Vector-R;Vector;https://en.wikipedia.org/wiki/Vector-R;Planned;81;0.065;2;0;13.0 m;$2.0 million;0.0;0.6 m;0.8 m
7;Vega;ESA;https://en.wikipedia.org/wiki/Vega_(rocket);Active;2,200;1.436;4;0;29.9 m;$37.0 million;0.0;2.6 m;7.88 m
8;Vega C;ESA;https://en.wikipedia.org/wiki/Vega_(rocket);Planned;4,500;2.2;4;0;35.0 m;;0.0;;
9;Vega E;ESA;https://en.wikipedia.org/wiki/Vega_(rocket);Planned;;0.0;4;0;35.0 m;;0.0;;
10;VLS-1;AEB;https://en.wikipedia.org/wiki/VLS-1;Active;623;0.38;3;4;19.0 m;;0.0;1.0 m;
11;Volna;Makeyev;https://en.wikipedia.org/wiki/Volna;Retired;;0.1;3;0;15.0 m;;0.0;;
12;Voskhod;OKB-1;https://en.wikipedia.org/wiki/Voskhod_(rocket);Retired;;5.9;2;4;31.0 m;;0.0;3.0 m;
13;Vostok;OKB-1;https://en.wikipedia.org/wiki/Vostok-K;Retired;3,894;4.73;2;4;31.0 m;;0.0;;
14;Vostok-2;OKB-1;https://en.wikipedia.org/wiki/Vostok-2_(rocket);Retired;995;4.73;2;4;;;0.0;;
15;Vostok-2A;OKB-1;https://en.wikipedia.org/wiki/Vostok_(rocket_family);Retired;;4.5;3;4;;;0.0;;
16;Vostok-2M;OKB-1;https://en.wikipedia.org/wiki/Vostok-2M;Retired;;0.0;3;4;;;0.0;;
17;Vulcan Centaur;ULA;https://en.wikipedia.org/wiki/Vulcan_%28rocket%29;Planned;;17.8;2;;58.3 m;;15.3;5.4 m;
18;Zenit-2;Yuzhmash;https://en.wikipedia.org/wiki/Zenit-2;Retired;8,181;1.2;2;0;57.0 m;;5.0;4.1 m;13.7 m
19;Zenit-2 FG;Yuzhmash;https://en.wikipedia.org/wiki/Zenit_%28rocket_family%29;Active;7,400;11.74;2;0;57.0 m;;4.0;4.1 m;10.4 m
20;Zenit-3 SL;Yuzhmash;https://en.wikipedia.org/wiki/Zenit_%28rocket_family%29;Active;8,180;13.74;3;0;59.6 m;;6.0;3.9 m;
21;Zenit-3 SLB;Yuzhmash;https://en.wikipedia.org/wiki/Zenit_%28rocket_family%29;Active;7,400;13.74;3;0;57.0 m;;5.0;4.1 m;10.4 m
22;Zenit-3 SLBF;Yuzhmash;https://en.wikipedia.org/wiki/Zenit-3F;Active;8,180;13.74;3;0;57.0 m;;6.0;4.1 m;10.4 m
23;Zéphyr;Venture OS;https://fr.wikipedia.org/wiki/Z%C3%A9phyr_(fus%C3%A9e);Planned;56;0.08;2;0;12.3 m;;0.0;1.0 m;
24;ZhuQue-1;Landspace;https://en.wikipedia.org/wiki/LandSpace;Retired;450;0.3;3;0;19.0 m;;0.0;;
25;ZhuQue-2;Landspace;https://en.wikipedia.org/wiki/LandSpace#Zhuque-2;Planned;216;4.0;2;0;;;0.0;;
26;Angara 1.1;Khrunichev;https://en.wikipedia.org/wiki/Angara_(rocket_family);Planned;196;2.0;2;0;35.0 m;;0.0;;
27;Angara 1.2;Khrunichev;https://en.wikipedia.org/wiki/Angara_(rocket_family);Active;196;3.7;2;0;41.5 m;;0.0;;
28;Angara A5/Briz-M;Khrunichev;https://en.wikipedia.org/wiki/Angara_(rocket_family)#Angara_A5;Active;7,680;0.0;3;4;;;5.4;;
29;Angara A5/DM-03;Khrunichev;https://en.wikipedia.org/wiki/Angara_(rocket_family)#Angara_A5;Planned;7,680;0.0;3;4;;;0.0;;
30;Angara A5M;Khrunichev;https://en.wikipedia.org/wiki/Angara_(rocket_family)#Angara_A5;Planned;7,680;0.0;2;4;;;0.0;;
31;Antares 110;Yuzhnoye;https://en.wikipedia.org/wiki/Antares_(rocket);Retired;1,630;0.0;2;0;40.5 m;$80.0 million;0.0;3.94 m;4.87 m
32;Antares 120;Yuzhnoye;https://en.wikipedia.org/wiki/Antares_(rocket);Retired;1,630;4.6;2;0;40.5 m;$80.0 million;1.5;3.94 m;9.87 m
33;Antares 130;Yuzhnoye;https://en.wikipedia.org/wiki/Antares_(rocket);Retired;1,630;5.1;2;0;40.5 m;$80.0 million;0.0;3.94 m;9.87 m
34;Antares 230;Yuzhnoye;https://en.wikipedia.org/wiki/Antares_(rocket);Retired;1,922;7.0;2;0;41.9 m;$85.0 million;0.0;3.9 m;9.9 m
35;Antares 230+;Yuzhnoye;https://en.wikipedia.org/wiki/Antares_%28rocket%29#Antares_230+;Active;3,265;8.0;2;0;42.5 m;$85.0 million;0.0;3.9 m;9.9 m
36;Ares 1-X;NASA;https://en.wikipedia.org/wiki/Ares_I;Retired;15,000;0.0;1;0;94.0 m;$450.0 million;0.0;;
37;Ariane 1;ESA;https://en.wikipedia.org/wiki/Ariane_1;Retired;2,772;1.4;4;0;50.0 m;;1.85;;
38;Ariane 2;ESA;https://en.wikipedia.org/wiki/Ariane_2;Retired;2,580;0.0;3;0;49.13 m;;2.175;;
39;Ariane 3;ESA;https://en.wikipedia.org/wiki/Ariane_3;Retired;5,100;0.0;3;2;49.13 m;;2.7;;
40;Ariane 40;ESA;https://en.wikipedia.org/wiki/Ariane_4;Retired;3,034;5.0;3;0;58.72 m;;2.0;;
41;Ariane 42L;ESA;https://en.wikipedia.org/wiki/Ariane_4;Retired;4,538;0.0;3;2;58.72 m;;3.48;;
42;Ariane 42P;ESA;https://en.wikipedia.org/wiki/Ariane_4;Retired;4,334;0.0;3;2;58.72 m;;2.93;;
43;Ariane 44L;ESA;https://en.wikipedia.org/wiki/Ariane_4;Retired;6,000;0.0;3;4;58.72 m;;4.72;;
44;Ariane 44LP;ESA;https://en.wikipedia.org/wiki/Ariane_4;Retired;5,800;0.0;3;4;58.72 m;;4.22;;
45;Ariane 44P;ESA;https://en.wikipedia.org/wiki/Ariane_4;Retired;4,334;0.0;3;4;58.72 m;;3.46;;
46;Ariane 5 ECA;ESA;https://en.wikipedia.org/wiki/Ariane_5;Active;15,120;21.0;2;2;53.0 m;$200.0 million;10.5;5.4 m;17.0 m
47;Ariane 5 ES;ESA;https://en.wikipedia.org/wiki/Ariane_5;Retired;15,120;21.0;2;2;50.5 m;;0.0;5.4 m;17.0 m
48;Ariane 5 G;ESA;https://en.wikipedia.org/wiki/Ariane_5;Retired;11,400;0.0;2;2;52.0 m;;6.9;;
49;Ariane 5 G+;ESA;https://en.wikipedia.org/wiki/Ariane_5;Retired;;6.2;2;2;;$190.0 million;6.95;;
50;Ariane 5 GS;ESA;https://en.wikipedia.org/wiki/Ariane_5;Retired;;0.0;2;2;;;6.6;;
51;Ariane 62;ESA;https://en.wikipedia.org/wiki/Ariane_6;Planned;8,370;10.35;2;2;63.0 m;$88.0 million;5.0;5.4 m;20.0 m
52;Ariane 64;ESA;https://en.wikipedia.org/wiki/Ariane_6;Planned;15,370;21.65;2;4;63.0 m;$106.0 million;11.5;5.4 m;20.0 m
53;Ariane 64 / Icarus;ESA;https://en.wikipedia.org/wiki/Ariane_6;Planned;15,370;25.0;2;4;63.0 m;$100.0 million;15.0;5.4 m;20.0 m
54;ASLV;ISRO;https://en.wikipedia.org/wiki/Augmented_Satellite_Launch_Vehicle;Retired;1,005;0.15;5;2;24.0 m;;0.0;1.0 m;
55;Athena I;Lockheed;https://en.wikipedia.org/wiki/Athena_I;Retired;1,900;0.82;3;;18.9 m;;0.0;;
56;Athena II;Lockheed;https://en.wikipedia.org/wiki/Athena_II;Retired;1,900;0.0;4;;28.2 m;;0.593;;
57;Atlas-D Able;General Dynamics;https://en.wikipedia.org/wiki/Atlas-Able;Retired;1,587;0.0;3;0;35.0 m;;0.0;;
58;Atlas-D Mercury;NASA;https://en.wikipedia.org/wiki/Atlas_LV-3B;Retired;1,517;1.36;2;0;28.7 m;;0.0;;
59;Atlas-D OV1;General Dynamics;https://en.wikipedia.org/wiki/SM-65D_Atlas;Retired;1,601;0.0;2;0;;;0.0;;
60;Atlas-E/F Agena D;General Dynamics;https://en.wikipedia.org/wiki/Atlas-Agena;Retired;;0.0;2;0;;;0.0;;
61;Atlas-E/F Altair;Lockheed;https://en.wikipedia.org/wiki/Atlas_E/F;Retired;;0.21;2;0;;;0.0;;
62;Atlas-E/F Burner;General Dynamics;;Retired;;0.95;2;0;;;0.0;;
63;Atlas-E/F MSD;General Dynamics;https://en.wikipedia.org/wiki/Atlas_E/F#Atlas_E/F-MSD;Retired;;0.8;2;0;;;0.0;;
64;Atlas-E/F OIS;General Dynamics;https://en.wikipedia.org/wiki/Atlas_E/F#Atlas_E/F-OIS;Retired;;0.87;2;0;;;0.0;;
65;Atlas-E/F OV1;General Dynamics;https://en.wikipedia.org/wiki/Atlas_E/F#Atlas_E/F-OV1;Retired;;0.363;2;0;;;0.0;;
66;Atlas-E/F PTS;General Dynamics;https://en.wikipedia.org/wiki/Atlas_E/F#Atlas_E/F-PTS;Retired;;0.295;2;0;;;0.0;;
67;Atlas-E/F SGS-1;General Dynamics;https://en.wikipedia.org/wiki/Atlas_E/F#Atlas_E/F-SGS;Retired;;0.0;3;0;;;0.0;;
68;Atlas-E/F SGS-2;General Dynamics;https://en.wikipedia.org/wiki/Atlas_E/F#Atlas_E/F-SGS;Retired;;0.0;3;0;;;0.0;;
69;Atlas-E/F Star-17A;General Dynamics;https://en.wikipedia.org/wiki/Atlas_E/F#Atlas_E/F-Star;Retired;;0.0;2;0;;;0.0;;
70;Atlas-E/F Star-37S-ISS;General Dynamics;https://en.wikipedia.org/wiki/Atlas_E/F#Atlas_E/F-Star;Retired;;0.0;2;0;;;0.0;;
71;Atlas-G Centaur-D1AR;General Dynamics;https://en.wikipedia.org/wiki/Atlas_G;Retired;;5.9;2;0;;;2.222;;
72;Atlas-H MSD;General Dynamics;https://en.wikipedia.org/wiki/Atlas_H;Retired;;0.0;2;0;;;0.0;;
73;Atlas I;General Dynamics;https://en.wikipedia.org/wiki/Atlas_I;Retired;;0.0;2;0;43.9 m;;0.0;;
74;Atlas II;Lockheed;https://en.wikipedia.org/wiki/List_of_Atlas_launches_(1990–1999);Retired;2,111;6.78;2;0;47.5 m;;2.81;;
75;Atlas IIA;Lockheed;https://en.wikipedia.org/wiki/List_of_Atlas_launches_(1990–1999);Retired;21,111;7.316;2;0;47.5 m;;3.18;;
76;Atlas IIAS;Lockheed;https://en.wikipedia.org/wiki/List_of_Atlas_launches_(1990–1999);Retired;3,068;8.618;2;4;47.5 m;;3.933;;
77;Atlas IIIA;Lockheed;https://en.wikipedia.org/wiki/Atlas_III;Retired;4,149;8.64;2;0;52.8 m;;4.055;4.2 m;12.2 m
78;Atlas IIIB;Lockheed;https://en.wikipedia.org/wiki/Atlas_III;Retired;4,149;10.218;2;0;52.8 m;;4.5;4.2 m;12.2 m
79;Atlas-LV3 Agena-A;General Dynamics;https://en.wikipedia.org/wiki/Atlas-Agena;Retired;;1.25;2;0;;;0.0;;
80;Atlas-LV3 Agena-B;General Dynamics;https://en.wikipedia.org/wiki/Atlas-Agena;Retired;;1.725;2;0;;;0.0;;
81;Atlas-LV3 Agena-D;General Dynamics;https://en.wikipedia.org/wiki/Atlas-Agena;Retired;;0.0;2;0;;;0.0;;
82;Atlas-LV3C Centaur-A;General Dynamics;https://en.wikipedia.org/wiki/Atlas-Centaur;Retired;;0.0;2;0;;;0.0;;
83;Atlas-LV3C Centaur-B;General Dynamics;https://en.wikipedia.org/wiki/Atlas-Centaur;Retired;;0.0;2;0;;;0.0;;
84;Atlas-LV3C Centaur-C;General Dynamics;https://en.wikipedia.org/wiki/Atlas-Centaur;Retired;;0.0;2;0;;;0.0;;
85;Atlas-LV3C Centaur-D;General Dynamics;https://en.wikipedia.org/wiki/Atlas-Centaur;Retired;;0.0;2;0;;;0.0;;
86;Atlas SLV-3;General Dynamics;https://en.wikipedia.org/wiki/Atlas_SLV-3;Retired;;0.8;;0;;;0.0;;
87;Atlas-SLV3A Agena-D;General Dynamics;https://en.wikipedia.org/wiki/Atlas-Agena;Retired;;0.0;2;0;;;0.0;;
88;Atlas-SLV3 Agena-B;General Dynamics;https://en.wikipedia.org/wiki/Atlas-Agena;Retired;;0.0;2;0;;;0.0;;
89;Atlas-SLV3 Agena-D;General Dynamics;https://en.wikipedia.org/wiki/Atlas-Agena;Retired;;1.825;2;0;;;0.0;;
90;Atlas-SLV3B Agena-D;General Dynamics;https://en.wikipedia.org/wiki/Atlas-Agena;Retired;;0.0;2;0;;;0.0;;
91;Atlas-SLV3 Burner-2;General Dynamics;https://en.wikipedia.org/wiki/Atlas_SLV-3;Retired;;0.0;2;0;;;0.0;;
92;Atlas-SLV3C Centaur-D;General Dynamics;https://en.wikipedia.org/wiki/Atlas-Centaur;Retired;;0.0;2;0;;;0.0;;
93;Atlas-SLV3D Centaur-D1A;General Dynamics;https://en.wikipedia.org/wiki/Atlas-Centaur;Retired;;0.0;2;0;;;0.0;;
94;Atlas-SLV3D Centaur-D1AR;General Dynamics;https://en.wikipedia.org/wiki/Atlas-Centaur;Retired;;0.0;2;0;;;0.0;;
95;Atlas V 401;ULA;https://en.wikipedia.org/wiki/Atlas_V;Active;3,826;9.797;2;0;58.3 m;$109.0 million;4.75;4.2 m;13.8 m
96;Atlas V 411;ULA;https://en.wikipedia.org/wiki/Atlas_V;Active;5,515;12.03;2;1;58.3 m;$115.0 million;5.95;4.2 m;13.8 m
97;Atlas V 421;ULA;https://en.wikipedia.org/wiki/Atlas_V;Active;7,204;13.6;2;2;58.3 m;$123.0 million;6.89;4.2 m;13.8 m
98;Atlas V 431;ULA;https://en.wikipedia.org/wiki/Atlas_V;Active;8,892;15.26;2;3;59.1 m;$130.0 million;7.7;4.2 m;13.8 m
99;Atlas V 501;ULA;https://en.wikipedia.org/wiki/Atlas_V;Active;3,826;8.21;2;0;62.2 m;$120.0 million;3.78;5.4 m;26.5 m
100;Atlas V 511;ULA;https://en.wikipedia.org/wiki/Atlas_V;Active;5,515;11.0;2;1;62.2 m;$130.0 million;5.25;5.4 m;26.5 m
101;Atlas V 521;ULA;https://en.wikipedia.org/wiki/Atlas_V;Active;7,204;13.5;2;2;62.2 m;$135.0 million;6.48;5.4 m;26.5 m
102;Atlas V 531;ULA;https://en.wikipedia.org/wiki/Atlas_V;Active;8,892;15.53;2;3;62.2 m;$140.0 million;7.45;5.4 m;26.5 m
103;Atlas V 541;ULA;https://en.wikipedia.org/wiki/Atlas_V;Active;10,581;17.41;2;4;62.2 m;$145.0 million;8.29;5.4 m;26.5 m
104;Atlas V 551;ULA;https://en.wikipedia.org/wiki/Atlas_V;Active;12,269;18.85;2;5;62.2 m;$153.0 million;8.9;5.4 m;26.5 m
105;Atlas V 552;ULA;https://en.wikipedia.org/wiki/Atlas_V;Planned;12,269;20.52;2;5;62.2 m;;0.0;5.4 m;26.5 m
106;Atlas V N22;ULA;https://en.wikipedia.org/wiki/Atlas_V;Active;7,204;13.0;2;2;;;0.0;;
107;Black Arrow;RAE;https://en.wikipedia.org/wiki/Black_Arrow;Retired;256;0.135;3;;13.0 m;;0.0;;
108;Blue Scout II;Vought;https://en.wikipedia.org/wiki/RM-90_Blue_Scout_II;Retired;471;0.0;4;0;24.0 m;;0.0;;
109;Ceres-1;Galactic Energy;;Planned;588;0.35;4;0;19.0 m;$4.9 million;0.0;1.28 m;2.6 m
110;Commercial Titan III;Martin Marietta;https://en.wikipedia.org/wiki/Commercial_Titan_III;Retired;12,450;14.515;2;2;47.0 m;$136.6 million;0.0;;
111;Conestoga-1620;EER;https://en.wikipedia.org/wiki/Conestoga_(rocket);Retired;;1.179;4;6;;$20.0 million;0.0;;
112;Cosmos-1 (65S3);OKB-586;https://en.wikipedia.org/wiki/Kosmos_(rocket_family);Retired;;0.4;2;0;31.0 m;;0.0;1.6 m;
113;Cosmos-2I (63S1);OKB-586;https://en.wikipedia.org/wiki/Kosmos_(rocket_family);Retired;;0.4;2;0;31.0 m;;0.0;1.6 m;
114;Cosmos-2I (63SM);OKB-586;https://en.wikipedia.org/wiki/Kosmos-2I;Retired;;0.45;2;0;31.0 m;;0.0;1.6 m;
115;Cosmos-3 (11K65);OKB-586;https://en.wikipedia.org/wiki/Kosmos-3;Retired;1,740;1.4;2;0;26.0 m;;0.0;1.6 m;
116;Cosmos-3M (11K65M);OKB-586;https://en.wikipedia.org/wiki/Kosmos-3M;Retired;1,485;1.5;2;0;32.0 m;;0.0;2.4 m;
117;Cosmos-3MRB (65MRB);OKB-586;https://en.wikipedia.org/wiki/Kosmos-3;Retired;1,740;1.4;2;0;26.0 m;;0.0;1.4 m;
118;Delta 3920-8;Douglas;https://en.wikipedia.org/wiki/Delta_3000;Retired;3,188;0.0;2;9;;;0.0;2.9 m;
119;Delta 4925-8;Boeing;https://en.wikipedia.org/wiki/Delta_(rocket_family)#Delta_4000-Series;Retired;3,469;3.4;3;9;34.0 m;;1.2;2.44 m;
120;Delta A;US Air Force;https://en.wikipedia.org/wiki/Delta_A;Retired;;0.32;3;0;;;0.068;;
121;Delta B;US Air Force;https://en.wikipedia.org/wiki/Delta_B;Retired;;0.375;3;0;;;0.068;;
122;Delta C;US Air Force;https://en.wikipedia.org/wiki/Delta_C;Retired;667;0.41;3;0;31.0 m;;0.082;;
123;Delta II 6920-10;Boeing;https://en.wikipedia.org/wiki/Delta_II;Retired;3,481;3.95;2;9;38.9 m;;0.0;3.0 m;8.9 m
124;Delta II 6920-8;Boeing;https://en.wikipedia.org/wiki/Delta_II;Retired;3,481;3.983;2;9;38.1 m;;0.0;2.4 m;8.49 m
125;Delta II 6925;Boeing;https://en.wikipedia.org/wiki/Delta_II;Retired;3,481;0.0;3;9;38.1 m;;1.447;2.9 m;8.49 m
126;Delta II 6925-8;Boeing;https://en.wikipedia.org/wiki/Delta_II;Retired;3,481;0.0;3;9;38.1 m;;1.46;2.4 m;8.49 m
127;Delta II 7320-10C;ULA;https://en.wikipedia.org/wiki/Delta_II;Retired;2,533;2.703;2;3;38.9 m;;0.0;3.0 m;8.9 m
128;Delta II 7326;ULA;https://en.wikipedia.org/wiki/Delta_II;Retired;2,533;0.0;3;3;38.1 m;;0.934;2.9 m;8.49 m
129;Delta II 7420-10C;ULA;https://en.wikipedia.org/wiki/Delta_II;Retired;3,020;3.099;2;4;38.9 m;;0.0;3.0 m;8.9 m
130;Delta II 7425;ULA;https://en.wikipedia.org/wiki/Delta_II;Retired;3,020;0.0;3;4;38.1 m;;1.11;2.9 m;8.49 m
131;Delta II 7425-10C;ULA;https://en.wikipedia.org/wiki/Delta_II;Retired;3,020;0.0;3;4;38.9 m;;1.073;3.0 m;8.9 m
132;Delta II 7426;ULA;https://en.wikipedia.org/wiki/Delta_II;Retired;3,020;0.0;4;3;38.1 m;;1.058;2.9 m;8.49 m
133;Delta II 7920-10;Boeing;https://en.wikipedia.org/wiki/Delta_II;Retired;3,511;4.8;2;9;38.9 m;;0.0;3.0 m;8.9 m
134;Delta II 7920-10C;ULA;https://en.wikipedia.org/wiki/Delta_II;Retired;3,511;4.844;2;9;38.9 m;;0.0;3.0 m;8.9 m
135;Delta II 7920-10L;ULA;https://en.wikipedia.org/wiki/Delta_II;Retired;3,511;4.805;2;9;39.3 m;;0.0;3.0 m;9.3 m
136;Delta II 7920-8;ULA;https://en.wikipedia.org/wiki/Delta_II;Retired;3,511;5.0;2;9;38.1 m;;0.0;2.4 m;8.49 m
137;Delta II 7920H;ULA;https://en.wikipedia.org/wiki/Delta_II;Retired;4,398;6.097;2;9;38.1 m;;0.0;2.9 m;8.49 m
138;Delta II 7920H-10C;ULA;https://en.wikipedia.org/wiki/Delta_II;Retired;4,398;5.959;2;9;38.9 m;;0.0;3.0 m;8.9 m
139;Delta II 7925;ULA;https://en.wikipedia.org/wiki/Delta_II;Retired;3,511;0.0;3;9;38.1 m;;1.819;2.9 m;8.49 m
140;Delta II 7925-10;Boeing;https://en.wikipedia.org/wiki/Delta_II;Retired;3,511;0.0;3;9;38.9 m;;1.73;3.0 m;8.9 m
141;Delta II 7925-10C;ULA;https://en.wikipedia.org/wiki/Delta_II;Retired;3,511;0.0;3;9;38.9 m;;1.747;3.0 m;8.9 m
142;Delta II 7925-10L;ULA;https://en.wikipedia.org/wiki/Delta_II;Retired;3,511;0.0;3;9;39.3 m;;1.739;3.0 m;9.3 m
143;Delta II 7925-8;ULA;https://en.wikipedia.org/wiki/Delta_II;Retired;3,511;0.0;3;9;38.1 m;;1.78;2.4 m;8.49 m
144;Delta II 7925H;ULA;https://en.wikipedia.org/wiki/Delta_II;Retired;4,398;0.0;3;9;38.1 m;;2.171;2.9 m;8.49 m
145;Delta III 8930;Boeing;https://en.wikipedia.org/wiki/Delta_III;Retired;628;8.29;2;9;35.0 m;;3.81;4.0 m;10.84 m
146;Delta IV Heavy;ULA;https://en.wikipedia.org/wiki/Delta_IV_Heavy;Active;9,411;28.37;2;2;72.0 m;$350.0 million;13.81;5.1 m;19.1 m
147;Delta IV Medium;Boeing;https://en.wikipedia.org/wiki/Delta_(rocket_family)#Delta_M;Retired;3,137;8.8;2;0;62.5 m;$133.0 million;4.54;4.0 m;11.75 m
148;Delta IV Medium+ (4,2);ULA;https://en.wikipedia.org/wiki/Delta_IV;Retired;4,895;10.44;2;2;62.5 m;$164.0 million;6.39;4.0 m;11.75 m
149;Delta IV Medium+ (5,2);ULA;https://en.wikipedia.org/wiki/Delta_IV;Retired;4,895;9.61;2;2;66.4 m;;5.08;5.1 m;19.1 m
150;Delta IV Medium+ (5,4);ULA;https://en.wikipedia.org/wiki/Delta_IV;Retired;6,653;11.6;2;4;66.4 m;;6.89;5.1 m;19.1 m
151;Diamant A;Aérospatiale;https://en.wikipedia.org/wiki/Diamant;Retired;274;0.08;3;0;16.95 m;;0.0;0.65 m;2.16 m
152;Diamant B;Aérospatiale;https://en.wikipedia.org/wiki/Diamant;Retired;348;0.115;3;0;24.2 m;;0.0;0.85 m;2.8 m
153;Diamant BP4;Aérospatiale;https://en.wikipedia.org/wiki/Diamant;Retired;317;0.112;3;0;21.64 m;;0.0;1.45 m;4.5 m
154;Dnepr;Yuzhnoye;https://en.wikipedia.org/wiki/Dnepr_(rocket);Retired;4,520;4.5;3;0;34.3 m;$29.0 million;0.0;3.0 m;
155;Electron;Rocket Lab;https://en.wikipedia.org/wiki/Electron_(rocket);Active;162;0.3;2;0;17.0 m;$7.5 million;0.0;1.2 m;
156;Electron/Curie;Rocket Lab;https://en.wikipedia.org/wiki/Electron_(rocket);Active;162;0.3;3;0;17.0 m;$7.5 million;0.0;1.2 m;2.5 m
157;Electron/Photon;Rocket Lab;https://en.wikipedia.org/wiki/Electron_(rocket);Planned;162;0.3;3;0;17.0 m;;0.0;1.2 m;
158;Energiya/Buran;RKK Energiya;https://en.wikipedia.org/wiki/Energia#Development;Retired;394,723;100.05;1;4;59.0 m;$5,000.0 million;30.0;;
159;Energiya/Polyus;RKK Energiya;https://en.wikipedia.org/wiki/Energia#Development;Retired;39,473;100.05;1;4;59.0 m;$5,000.0 million;30.0;;
160;Epsilon;JAXA;https://en.wikipedia.org/wiki/Epsilon_(rocket);Active;1,612;0.0;3;0;26.0 m;;0.0;2.5 m;9.19 m
161;Epsilon Demo;JAXA;https://en.wikipedia.org/wiki/Epsilon_(rocket);Retired;1,621;0.49;4;0;24.0 m;;0.0;2.5 m;9.19 m
162;Epsilon PBS;JAXA;https://en.wikipedia.org/wiki/Epsilon_(rocket);Active;1,612;0.7;4;0;26.0 m;$39.0 million;0.0;2.5 m;9.19 m
163;Epsilon S;JAXA;https://en.wikipedia.org/wiki/Epsilon_(rocket);Planned;1,612;1.4;4;0;27.0 m;;0.0;2.5 m;9.19 m
164;Europa 1;CECLES;https://en.wikipedia.org/wiki/Europa_(rocket);Retired;3,962;1.44;3;0;31.68 m;;0.2;2.0 m;
165;Europa 2;CECLES;https://en.wikipedia.org/wiki/Europa_(rocket);Retired;8,372;0.0;4;0;31.68 m;;0.36;2.0 m;
166;Falcon 1;SpaceX;https://en.wikipedia.org/wiki/Falcon_1;Retired;343;0.47;2;0;22.25 m;$7.0 million;0.0;1.5 m;3.5 m
167;Falcon 9 Block 3;SpaceX;https://en.wikipedia.org/wiki/Falcon_9;Retired;6,804;22.8;2;0;70.0 m;$62.0 million;8.3;5.2 m;13.0 m
168;Falcon 9 Block 4;SpaceX;https://en.wikipedia.org/wiki/Falcon_9;Retired;6,804;22.8;2;0;70.0 m;$62.0 million;8.3;5.2 m;13.0 m
169;Falcon 9 Block 5;SpaceX;https://en.wikipedia.org/wiki/Falcon_9;Active;7,607;22.8;2;0;70.0 m;$50.0 million;8.3;5.2 m;13.0 m
170;Falcon 9 v1.0;SpaceX;https://en.wikipedia.org/wiki/Falcon_9_v1.0;Retired;4,940;10.45;2;0;54.9 m;$59.5 million;4.54;5.2 m;13.0 m
171;Falcon 9 v1.1;SpaceX;https://en.wikipedia.org/wiki/Falcon_9_v1.1;Retired;5,885;13.15;2;0;68.4 m;$56.5 million;4.85;5.2 m;13.0 m
172;Falcon Heavy;SpaceX;https://en.wikipedia.org/wiki/Falcon_Heavy;Active;22,819;63.8;2;2;70.0 m;$90.0 million;26.7;5.2 m;13.0 m
173;Feng Bao 1;CASC;https://en.wikipedia.org/wiki/Feng_Bao_1;Retired;268;2.5;2;0;33.0 m;;0.0;3.35 m;
174;Firefly Alpha;Firefly;https://en.wikipedia.org/wiki/Firefly_Alpha;Planned;736;1.0;2;0;29.0 m;$15.0 million;0.0;2.0 m;5.0 m
175;Firefly Beta;Firefly;https://en.wikipedia.org/wiki/Firefly_Beta;Planned;2,208;4.0;2;2;31.0 m;;0.4;2.8 m;5.5 m
176;GSLV Mk I;ISRO;https://en.wikipedia.org/wiki/Geosynchronous_Satellite_Launch_Vehicle;Retired;;0.0;3;4;49.13 m;$47.0 million;1.5;3.4 m;7.8 m
177;GSLV Mk II;ISRO;https://en.wikipedia.org/wiki/Geosynchronous_Satellite_Launch_Vehicle;Active;7,887;5.0;3;4;51.7 m;$47.0 million;2.5;4.0 m;7.8 m
178;GSLV Mk III;ISRO;https://en.wikipedia.org/wiki/Geosynchronous_Satellite_Launch_Vehicle_Mark_III;Active;11,898;10.0;3;2;43.4 m;$62.0 million;4.0;5.0 m;
179;H-I (9 SO);MHI;https://en.wikipedia.org/wiki/H-I;Retired;;3.2;2;9;42.0 m;;1.1;2.44 m;
180;H-II;MHI;https://en.wikipedia.org/wiki/H-II;Retired;;10.06;2;2;49.0 m;;3.93;;
181;H-II (2 SSB);MHI;https://en.wikipedia.org/wiki/H-II;Retired;;10.06;2;4;49.0 m;;3.93;;
182;H-IIA 202;MHI;https://en.wikipedia.org/wiki/H-IIA;Active;;10.0;2;2;53.0 m;$90.0 million;4.1;4.07 m;12.0 m
183;H-IIA 2022;MHI;https://en.wikipedia.org/wiki/H-IIA;Retired;;0.0;2;2;53.0 m;;4.5;4.07 m;12.0 m
184;H-IIA 2024;MHI;https://en.wikipedia.org/wiki/H-IIA;Retired;;0.0;2;4;53.0 m;;5.0;4.07 m;12.0 m
185;H-IIA 204;MHI;https://en.wikipedia.org/wiki/H-IIA;Active;;15.0;2;4;;;6.0;4.07 m;12.0 m
186;H-IIB;MHI;https://en.wikipedia.org/wiki/H-IIB;Retired;;16.5;2;4;56.6 m;$112.5 million;8.0;5.1 m;15.0 m
187;H-III 22;MHI;https://en.wikipedia.org/wiki/H3_(rocket);Planned;2,158;0.0;2;2;63.0 m;$50.0 million;4.0;5.27 m;
188;H-III 24;MHI;https://en.wikipedia.org/wiki/H3_(rocket);Planned;;0.0;2;4;50.0 m;$50.0 million;6.5;5.27 m;
189;H-III 30;MHI;https://en.wikipedia.org/wiki/H3_(rocket);Planned;1,472;0.0;2;0;63.0 m;$50.0 million;2.1;5.27 m;
190;H-IIS;MHI;https://en.wikipedia.org/wiki/H-II;Retired;;10.06;2;2;49.0 m;;3.93;;
191;H-I UM-129A (6SO);MHI;https://en.wikipedia.org/wiki/H-I;Retired;;3.2;3;6;42.0 m;;1.1;2.44 m;
192;H-I UM-129A (9SO);MHI;https://en.wikipedia.org/wiki/H-I;Retired;;3.2;3;9;42.0 m;;1.1;2.44 m;
193;Hyperbola-1;i-Space;https://en.wikipedia.org/wiki/I-Space_(Chinese_company)#Hyperbola-1;Active;557;0.3;4;0;21.0 m;;0.0;1.0 m;1.4 m
194;Jielong-1;CASC;;Active;;0.25;4;0;;$7.5 million;0.0;1.2 m;
195;Juno I;AMBA;https://en.wikipedia.org/wiki/Juno_I;Retired;416;0.011;4;0;21.2 m;;0.0;;
196;Juno II;AMBA;https://en.wikipedia.org/wiki/Juno_II;Retired;667;0.041;4;0;24.0 m;;0.0;;
197;Kaituozhe 1;CASIC;https://en.wikipedia.org/wiki/Kaituozhe_(rocket_family);Retired;;0.1;4;0;;;0.0;;
198;Kaituozhe 2;CASIC;https://en.wikipedia.org/wiki/Kaituozhe_(rocket_family)#KT-2;Active;;0.35;3;0;;;0.0;;
199;Kuaizhou 1;CASIC;https://en.wikipedia.org/wiki/Kuaizhou;Retired;;0.0;3;0;;;0.0;1.4 m;4.0 m
200;Kuaizhou 11;CASIC;https://en.wikipedia.org/wiki/Kuaizhou;Active;;1.5;3;0;25.0 m;$28.3 million;0.0;2.2 m;
201;Kuaizhou 1A;CASIC;https://en.wikipedia.org/wiki/Kuaizhou;Active;;0.3;3;0;19.4 m;;0.0;1.4 m;4.0 m
202;Lambda-IV S;UT;https://en.wikipedia.org/wiki/Lambda_(rocket_family);Retired;;0.012;4;2;16.5 m;;0.0;;
203;LauncherOne;Virgin Orbit;https://en.wikipedia.org/wiki/LauncherOne;Active;;0.5;2;0;16.0 m;$12.0 million;0.0;1.3 m;
204;Long March 1;CASC;https://en.wikipedia.org/wiki/Long_March_1;Retired;1,101;0.3;3;0;30.45 m;;0.0;;
205;Long March 11;CASC;https://en.wikipedia.org/wiki/Long_March_11;Active;1,200;0.53;4;0;20.8 m;$5.3 million;0.0;2.0 m;
206;Long March 11A;CASC;https://en.wikipedia.org/wiki/Long_March_11;Planned;;0.0;4;0;;;0.0;2.64 m;
207;Long March 11H;CASC;https://en.wikipedia.org/wiki/Long_March_11;Active;1,176;0.7;4;0;20.8 m;$5.3 million;0.0;2.0 m;3.0 m
208;Long March 2;CASC;https://en.wikipedia.org/wiki/Long_March_2A;Retired;2,786;2.0;2;0;32.0 m;;0.0;;
209;Long March 2C;CASC;https://en.wikipedia.org/wiki/Long_March_2C;Active;2,962;3.85;2;0;42.0 m;$30.8 million;1.25;;
210;Long March 2C/E;CASC;https://en.wikipedia.org/wiki/Long_March_2C;Active;2,962;3.85;3;0;42.0 m;$30.8 million;0.0;;
211;Long March 2C/SMA;CASC;https://en.wikipedia.org/wiki/Long_March_2C;Active;;0.0;3;0;;;0.0;;
212;Long March 2C/YZ-1S;CASC;https://en.wikipedia.org/wiki/Long_March_2C;Active;2,962;3.85;3;0;42.0 m;$30.8 million;0.0;;
213;Long March 2D;CASC;https://en.wikipedia.org/wiki/Long_March_2D;Active;2,962;3.5;2;0;41.06 m;$29.75 million;0.0;3.35 m;10.9 m
214;Long March 2D/YZ-3;CASC;https://en.wikipedia.org/wiki/Long_March_2D;Active;2,962;0.0;3;0;;;0.0;3.35 m;10.9 m
215;Long March 2E;CASC;https://en.wikipedia.org/wiki/Long_March_2E;Retired;5,923;9.5;2;4;49.7 m;;3.5;4.2 m;3.4 m
216;Long March 2F;CASC;https://en.wikipedia.org/wiki/Long_March_2F;Active;6,512;8.4;2;4;62.0 m;;0.0;;
217;Long March 2F/G;CASC;https://en.wikipedia.org/wiki/Long_March_2F;Active;;8.4;2;4;62.0 m;;0.0;;
218;Long March 2F/T;CASC;https://en.wikipedia.org/wiki/Long_March_2F;Active;;8.4;2;4;58.0 m;;0.0;;
219;Long March 3;CASC;https://en.wikipedia.org/wiki/Long_March_3;Retired;2,962;5.0;3;0;43.25 m;;1.5;;
220;Long March 3A;CASC;https://en.wikipedia.org/wiki/Long_March_3A;Active;2,962;8.5;3;0;52.52 m;$69.7 million;2.6;3.35 m;8.89 m
221;Long March 3B;CASC;https://en.wikipedia.org/wiki/Long_March_3B;Active;5,924;11.5;3;4;54.8 m;;5.1;4.0 m;9.56 m
222;Long March 3B/E;CASC;https://en.wikipedia.org/wiki/Long_March_3B;Active;5,922;11.5;3;4;56.3 m;$29.15 million;5.5;4.2 m;9.56 m
223;Long March 3B/YZ-1;CASC;https://en.wikipedia.org/wiki/Long_March_3B;Active;5,924;0.0;4;4;;;0.0;4.0 m;9.56 m
224;Long March 3C;CASC;https://en.wikipedia.org/wiki/Long_March_3C;Active;5,923;0.0;3;2;55.64 m;$20.14 million;3.8;4.2 m;9.78 m
225;Long March 3C/E;CASC;https://en.wikipedia.org/wiki/Long_March_3C;Active;5,923;0.0;3;4;54.8 m;;3.9;4.2 m;9.8 m
226;Long March 3C/YZ-1;CASC;https://en.wikipedia.org/wiki/Long_March_3C;Active;5,923;0.0;4;2;;;0.0;4.2 m;9.78 m
227;Long March 4A;CASC;https://en.wikipedia.org/wiki/Long_March_4A;Retired;2,962;4.0;3;0;41.9 m;;0.0;;
228;Long March 4B;CASC;https://en.wikipedia.org/wiki/Long_March_4B;Active;2,971;4.2;3;0;44.1 m;$64.68 million;1.5;;
229;Long March 4C;CASC;https://en.wikipedia.org/wiki/Long_March_4C;Active;2,971;4.2;3;0;45.8 m;$64.68 million;1.5;;
230;Long March 5;CASC;https://en.wikipedia.org/wiki/Long_March_5;Active;10,565;25.0;3;4;57.0 m;;14.0;5.0 m;
231;Long March 5B;CASC;https://en.wikipedia.org/wiki/Long_March_5;Active;10,565;23.0;2;4;53.66 m;;0.0;5.2 m;20.5 m
232;Long March 5/YZ-2;CASC;https://en.wikipedia.org/wiki/Long_March_5;Active;10,565;25.0;3;4;57.0 m;;0.0;5.0 m;
233;Long March 6;CASC;https://en.wikipedia.org/wiki/Long_March_6;Active;1,188;1.08;3;0;29.24 m;;0.0;2.6 m;5.7 m
234;Long March 6A;CASC;https://en.wikipedia.org/wiki/Long_March_6;Planned;;0.0;3;4;29.24 m;;0.0;2.6 m;5.7 m
235;Long March 7;CASC;https://en.wikipedia.org/wiki/Long_March_7;Active;7,200;13.5;2;4;53.1 m;;5.5;4.2 m;12.4 m
236;Long March 7A;CASC;https://en.wikipedia.org/wiki/Long_March_7;Active;7,200;0.0;3;4;;;7.0;4.2 m;12.4 m
237;Long March 7/YZ-1A;CASC;https://en.wikipedia.org/wiki/Long_March_7;Active;7,200;13.5;3;4;53.1 m;;5.5;4.2 m;12.4 m
238;Long March 8;CASC;https://en.wikipedia.org/wiki/Long_March_(rocket_family)#Long_March_8;Planned;;7.6;3;2;;;2.5;;
239;Long March 9;CASC;https://en.wikipedia.org/wiki/Long_March_(rocket_family)#Variants;Planned;;140.0;3;4;110.0 m;;50.0;;
240;Mercury-Redstone;NASA;https://en.wikipedia.org/wiki/Mercury-Redstone_Launch_Vehicle;Retired;350;0.0;1;0;25.4 m;;0.0;;
241;Minotaur C (Taurus);Northrop;https://en.wikipedia.org/wiki/Minotaur-C;Active;1,607;1.32;4;0;27.9 m;$45.0 million;0.0;2.34 m;
242;Minotaur I;Northrop;https://en.wikipedia.org/wiki/Minotaur_I;Active;792;0.58;4;0;19.21 m;$40.0 million;0.331;1.27 m;3.79 m
243;Minotaur IV;Northrop;https://en.wikipedia.org/wiki/Minotaur_IV;Active;2,200;1.375;4;0;23.88 m;$46.0 million;0.0;2.34 m;6.4 m
244;Minotaur V;Northrop;https://en.wikipedia.org/wiki/Minotaur_V;Active;2,224;0.64;5;0;24.56 m;$55.0 million;0.532;2.34 m;6.4 m
245;Miura 5;PLD;https://en.wikipedia.org/wiki/PLD_Space#Miura_5;Planned;;0.3;3;0;20.7 m;;0.0;;
246;Molniya;RKK Energiya;https://en.wikipedia.org/wiki/Molniya_(rocket);Retired;3,692;0.0;4;4;43.4 m;;0.0;2.6 m;
247;Molniya-M /Block 2BL;RKK Energiya;https://en.wikipedia.org/wiki/Molniya-M;Retired;4,016;0.0;3;4;43.4 m;;0.0;;7.81 m
248;Molniya-M /Block L;RKK Energiya;https://en.wikipedia.org/wiki/Molniya-M;Retired;4,016;0.0;3;4;43.4 m;;0.0;;7.81 m
249;Molniya-M /Block ML;RKK Energiya;https://en.wikipedia.org/wiki/Molniya-M;Retired;4,016;0.0;3;4;43.4 m;;0.0;;7.81 m
250;Molniya-M /Block NVL;RKK Energiya;https://en.wikipedia.org/wiki/Molniya-M;Retired;4,016;0.0;3;4;43.4 m;;0.0;;7.81 m
251;Molniya-M /Block SO-L;RKK Energiya;https://en.wikipedia.org/wiki/Molniya-M;Retired;4,016;0.0;3;4;43.4 m;;0.0;;7.81 m
252;Molniya-M /Block VL;RKK Energiya;https://en.wikipedia.org/wiki/Molniya-M;Retired;4,016;0.0;3;4;43.4 m;;0.0;;7.81 m
253;MOMO;IST;https://en.wikipedia.org/wiki/Interstellar_Technologies#MOMO_sounding_rocket;Active;83;0.0;1;0;10.0 m;$0.44 million;0.0;0.5 m;0.8 m
254;Mu-III C;ISAS;https://en.wikipedia.org/wiki/Mu_(rocket_family);Retired;;0.195;3;8;;;0.0;;
255;Mu-III H;ISAS;https://en.wikipedia.org/wiki/Mu_(rocket_family);Retired;;0.27;4;8;;;0.0;;
256;Mu-III S;ISAS;https://en.wikipedia.org/wiki/Mu_(rocket_family);Retired;;0.29;3;8;;;0.0;;
257;Mu-III S2;ISAS;https://en.wikipedia.org/wiki/Mu_(rocket_family);Retired;;0.77;4;2;;;0.0;;
258;Mu-IV S;ISAS;https://en.wikipedia.org/wiki/Mu_(rocket_family);Retired;;0.18;4;8;23.6 m;;0.0;;
259;Mu-V / M-24;ISAS;https://en.m.wikipedia.org/wiki/M-V;Retired;3,780;1.8;4;0;30.7 m;;0.0;;
260;Mu-V / M-25;ISAS;https://en.m.wikipedia.org/wiki/M-V;Retired;3,780;1.8;4;0;30.7 m;;0.0;;
261;N1-L3;OKB-1;https://en.wikipedia.org/wiki/N1_(rocket);Retired;45,400;95.0;5;0;105.0 m;;0.0;;
262;N1-L3 M;OKB-1;https://en.wikipedia.org/wiki/N1_(rocket);Retired;45,400;95.0;5;0;105.0 m;;0.0;;
263;Naro-1;KARI;https://en.wikipedia.org/wiki/Naro-1;Retired;83;0.0;2;0;33.0 m;;0.0;3.0 m;
264;New Glenn;Blue Origin;https://en.wikipedia.org/wiki/New_Glenn;Planned;17,100;45.0;2;0;82.0 m;;13.0;7.0 m;5.4 m
265;New Shepard;Blue Origin;https://en.wikipedia.org/wiki/New_Shepard;Active;490;0.0;2;0;18.0 m;;0.0;;
266;N-I;MHI;https://en.wikipedia.org/wiki/N-I_(rocket);Retired;;1.2;2;3;34.0 m;;0.36;;
267;N-II;MHI;https://en.wikipedia.org/wiki/N-II_(rocket);Retired;;2.0;2;9;35.0 m;;0.73;;
268;N-II Star-37E;MHI;https://en.wikipedia.org/wiki/N-II_(rocket);Retired;;2.0;3;9;35.0 m;;0.73;;
269;N-I Star-37E;MHI;https://en.wikipedia.org/wiki/N-I_(rocket);Retired;;1.2;3;3;34.0 m;;0.36;;
270;NOTS-EV-1 Pilot II;US Navy;https://en.wikipedia.org/wiki/NOTS-EV-1_Pilot;Retired;;0.001;5;0;4.0 m;;0.0;;
271;NSL-A;Gotospace;https://gotospaceindustries.com/programmi-spaziali/lanciatori-orbitali/nanosatellite-launcher/;Planned;210;0.2;3;0;18.0 m;$4.0 million;0.0;1.2 m;
272;OS-M1;OneSpace;https://en.wikipedia.org/wiki/OneSpace#OS-M;Active;;0.205;4;0;;;0.0;0.7 m;1.26 m
273;Palas 1;Galactic Energy;;Planned;2,746;4.0;2;0;42.0 m;;0.0;3.15 m;6.3 m
274;Pegasus;Northrop;https://en.wikipedia.org/wiki/Pegasus_(rocket);Retired;487;0.375;3;0;16.9 m;$40.0 million;0.0;1.15 m;2.13 m
275;Pegasus/HAPS;Northrop;https://en.wikipedia.org/wiki/Pegasus_(rocket);Retired;487;0.0;4;0;16.9 m;$40.0 million;0.0;1.15 m;2.13 m
276;Pegasus XL;Northrop;https://en.wikipedia.org/wiki/Pegasus_(rocket);Active;561;0.443;4;0;17.6 m;$40.0 million;0.0;1.15 m;2.13 m
277;Pegasus XL/HAPS;Northrop;https://en.wikipedia.org/wiki/Pegasus_(rocket);Active;561;0.0;4;0;17.6 m;$40.0 million;0.0;1.15 m;2.13 m
278;Poliot;OKB-1;;Retired;;0.0;2;4;;;0.0;;
279;Proton;Khrunichev;https://en.wikipedia.org/wiki/Proton_(rocket_family);Retired;8,360;8.4;2;;39.8 m;;0.0;4.15 m;8.5 m
280;Proton K;Khrunichev;https://en.wikipedia.org/wiki/Proton-K;Retired;8,681;18.9;3;0;58.46 m;;0.0;4.15 m;16.12 m
281;Proton K/Block D;Khrunichev;https://en.wikipedia.org/wiki/Proton-K;Retired;8,840;18.9;4;0;56.14 m;;0.0;3.9 m;8.9 m
282;Proton K/Block D-1;Khrunichev;https://en.wikipedia.org/wiki/Proton-K;Retired;9,468;0.0;4;0;56.14 m;;0.0;3.9 m;10.4 m
283;Proton K/Block D-2;Khrunichev;https://en.wikipedia.org/wiki/Proton-K;Retired;9,548;0.0;4;0;56.14 m;;0.0;3.9 m;10.4 m
284;Proton K/Block-DM;Khrunichev;https://en.wikipedia.org/wiki/Proton-K;Retired;9,468;0.0;4;0;54.89 m;;2.2;3.9 m;7.65 m
285;Proton K/Block DM-1;Khrunichev;https://en.wikipedia.org/wiki/Proton-K;Retired;9,468;0.0;4;0;57.24 m;;2.2;3.9 m;7.65 m
286;Proton K/Block DM2;Khrunichev;https://en.wikipedia.org/wiki/Proton-K;Retired;9,548;0.0;4;0;57.64 m;;2.5;4.35 m;10.4 m
287;Proton K/Block DM-2;Khrunichev;https://en.wikipedia.org/wiki/Proton-K;Retired;9,548;0.0;4;0;57.64 m;;2.4;4.35 m;10.4 m
288;Proton K/Block DM-2M;Khrunichev;https://en.wikipedia.org/wiki/Proton-K;Retired;9,548;0.0;4;;57.64 m;;2.5;4.35 m;10.4 m
289;Proton K/Block DM-3;Khrunichev;https://en.wikipedia.org/wiki/Proton-K;Retired;9,548;0.0;4;;57.64 m;;2.5;4.35 m;10.4 m
290;Proton K/Block DM-4;Khrunichev;https://en.wikipedia.org/wiki/Proton-K;Retired;9,548;0.0;4;;57.64 m;;2.5;4.35 m;10.4 m
291;Proton K/Block DM-5;Khrunichev;https://en.wikipedia.org/wiki/Proton-K;Retired;9,548;0.0;4;;57.64 m;;2.5;4.35 m;10.4 m
292;Proton K/Briz-M;Khrunichev;https://en.wikipedia.org/wiki/Proton-K;Retired;9,548;0.0;4;;54.54 m;;2.2;4.35 m;11.6 m
293;Proton M;Khrunichev;https://en.wikipedia.org/wiki/Proton-M;Planned;10,532;0.0;3;0;58.2 m;$65.0 million;6.0;4.35 m;15.26 m
294;Proton-M/Briz-M;Khrunichev;https://en.wikipedia.org/wiki/Proton-M;Active;10,532;0.0;4;0;58.2 m;$65.0 million;6.0;4.35 m;15.26 m
295;Proton-M/DM-2;Khrunichev;https://en.wikipedia.org/wiki/Proton-M;Active;10,532;0.0;4;0;53.0 m;$65.0 million;0.0;4.35 m;15.26 m
296;Proton-M/DM-3;Khrunichev;https://en.wikipedia.org/wiki/Proton-M;Active;10,532;0.0;4;0;53.0 m;$65.0 million;6.0;4.35 m;15.26 m
297;PSLV-CA;ISRO;https://en.wikipedia.org/wiki/Polar_Satellite_Launch_Vehicle#Variants;Active;4,847;0.0;4;0;44.0 m;$21.0 million;0.0;3.2 m;8.3 m
298;PSLV-DL;ISRO;https://en.wikipedia.org/wiki/Polar_Satellite_Launch_Vehicle;Active;5,867;0.0;4;2;44.0 m;;0.0;3.2 m;8.3 m
299;PSLV-G;ISRO;https://en.wikipedia.org/wiki/Polar_Satellite_Launch_Vehicle#Variants;Retired;6,887;3.25;4;6;44.5 m;$25.0 million;1.41;3.2 m;8.3 m
300;PSLV-QL;ISRO;https://en.wikipedia.org/wiki/Polar_Satellite_Launch_Vehicle#Variants;Active;7,661;0.0;4;4;44.0 m;$21.0 million;0.0;3.2 m;8.3 m
301;PSLV-XL;ISRO;https://en.wikipedia.org/wiki/Polar_Satellite_Launch_Vehicle#Variants;Active;7,661;3.25;4;6;44.0 m;$31.0 million;1.41;3.2 m;8.3 m
302;Qased;ISA;https://fr.wikipedia.org/wiki/Qased;Active;255;0.0;3;0;18.6 m;;0.0;1.0 m;2.6 m
303;Redstone Sparta;AMBA;https://en.wikipedia.org/wiki/PGM-11_Redstone;Retired;350;2.86;3;0;21.0 m;;0.0;;
304;Rocket 3;Astra;https://fr.wikipedia.org/wiki/Rocket_(fus%C3%A9e);Active;133;0.204;2;0;11.6 m;$2.5 million;0.0;;
305;Rokot/Briz K;Khrunichev;https://en.wikipedia.org/wiki/Rokot;Retired;;0.0;3;0;;;0.0;;
306;Rokot/Briz KM;Khrunichev;https://en.wikipedia.org/wiki/Rokot;Retired;;2.14;3;0;29.0 m;$41.8 million;0.0;;
307;Rokot-M/Briz KM-2;Khrunichev;https://en.wikipedia.org/wiki/Rokot;Planned;;2.14;3;0;29.0 m;$41.8 million;0.0;;
308;Safir-1;ISA;https://en.wikipedia.org/wiki/Safir_(rocket);Retired;284;0.027;2;0;26.0 m;;0.0;;
309;Safir-1A;ISA;https://en.wikipedia.org/wiki/Safir_(rocket);Retired;314;0.015;2;0;26.0 m;;0.0;;
310;Safir-1B;ISA;https://en.wikipedia.org/wiki/Safir_(rocket);Retired;314;0.05;2;0;26.0 m;;0.0;;
311;Safir-1B+;ISA;https://en.wikipedia.org/wiki/Safir_(rocket);Active;337;0.05;2;0;26.0 m;;0.0;;
312;SARGE;Exos;https://en.wikipedia.org/wiki/Exos_Aerospace#SARGE;Active;;0.0;1;0;11.0 m;;0.0;0.51 m;0.91 m
313;Saturn I;NASA;https://en.wikipedia.org/wiki/Saturn_I;Retired;6,700;9.07;2;0;55.0 m;;0.0;;
314;Saturn IB;NASA;https://en.wikipedia.org/wiki/Saturn_IB;Retired;7,100;21.0;2;0;43.2 m;;0.0;;
315;Saturn V;NASA;https://en.wikipedia.org/wiki/Saturn_V;Retired;35,100;140.0;3;0;110.6 m;$1,160.0 million;0.0;;
316;Scout B;Vought;https://en.wikipedia.org/wiki/Scout_(rocket_family);Retired;622;0.143;4;0;21.0 m;;0.0;;
317;Scout B1;Vought;https://en.wikipedia.org/wiki/Scout_(rocket_family);Retired;622;0.129;4;0;21.0 m;;0.0;;
318;Scout D1;Vought;https://en.wikipedia.org/wiki/Scout_(rocket_family);Retired;622;0.185;4;0;21.0 m;;0.0;;
319;Scout F1;Vought;https://en.wikipedia.org/wiki/Scout_(rocket_family);Retired;622;0.193;4;0;21.0 m;;0.0;;
320;Scout G1;Vought;https://en.wikipedia.org/wiki/Scout_(rocket_family);Retired;622;0.21;4;0;21.0 m;;0.0;;
321;Scout X-1;NASA;https://en.wikipedia.org/wiki/Scout_X-1;Retired;;0.0;4;;25.0 m;;0.0;;
322;Scout X-2;NASA;https://en.wikipedia.org/wiki/Scout_X-2;Retired;440;0.076;4;;25.0 m;;0.0;;
323;Scout X-2B;NASA;https://en.wikipedia.org/wiki/Scout_X-2B;Retired;;0.0;4;;22.0 m;;0.0;;
324;Scout X-2M;NASA;https://en.wikipedia.org/wiki/Scout_X-2M;Retired;440;0.0;4;;22.0 m;;0.0;;
325;Scout X-3;NASA;;Retired;;0.087;;;;;0.0;;
326;Scout X-3M;NASA;;Retired;;0.0;4;;22.0 m;;0.0;;
327;Scout X-4;NASA;;Retired;;0.103;4;;25.0 m;;0.0;;
328;Shavit;IAI;https://en.wikipedia.org/wiki/Shavit;Retired;413;0.16;3;0;18.0 m;;0.0;1.3 m;4.37 m
329;Shavit-1;IAI;https://en.wikipedia.org/wiki/Shavit;Retired;554;0.225;3;0;20.0 m;;0.0;1.35 m;4.37 m
330;Shavit-2;IAI;https://en.wikipedia.org/wiki/Shavit;Active;554;0.35;3;0;22.0 m;;0.0;1.35 m;4.37 m
331;Shtil';Makeyev;https://en.wikipedia.org/wiki/Shtil%27;Retired;;0.1;3;0;15.0 m;;0.0;;
332;Simorgh;ISA;https://en.wikipedia.org/wiki/Simorgh_(rocket);Active;1,300;0.35;2;0;27.0 m;;0.0;;
333;SLS Block 1;NASA;https://en.wikipedia.org/wiki/Space_Launch_System;Planned;39,440;95.0;2;2;98.1 m;$1,500.0 million;0.0;5.1 m;14.3 m
334;SLV-3;ISRO;https://en.wikipedia.org/wiki/Satellite_Launch_Vehicle;Retired;503;0.04;4;0;22.0 m;;0.0;1.0 m;
335;SM-65B Atlas;US Air Force;https://en.wikipedia.org/wiki/SM-65B_Atlas;Retired;;0.07;2;0;26.0 m;;0.0;;
336;Soyuz;OKB-1;https://en.wikipedia.org/wiki/Soyuz_(rocket);Retired;994;6.45;2;4;45.6 m;;0.0;;
337;Soyuz 2.1a;RKK Energiya;https://en.wikipedia.org/wiki/Soyuz-2;Active;4,150;7.02;3;4;;$48.5 million;0.0;3.7 m;7.7 m
338;Soyuz 2.1a/Fregat;RKK Energiya;https://en.wikipedia.org/wiki/Soyuz-2;Active;4,150;0.0;4;4;42.5 m;$48.5 million;2.81;3.7 m;7.7 m
339;Soyuz 2.1a/Fregat-M;RKK Energiya;https://en.wikipedia.org/wiki/Soyuz-2#Soyuz-2.1a;Active;4,150;0.0;4;4;42.5 m;$48.5 million;2.81;3.7 m;7.7 m
340;Soyuz 2.1a/Volga;RKK Energiya;https://en.wikipedia.org/wiki/Soyuz-2;Active;4,150;0.0;4;4;;;0.0;3.7 m;7.7 m
341;Soyuz 2.1b;RKK Energiya;https://en.wikipedia.org/wiki/Soyuz-2;Active;4,150;8.02;3;4;;$35.0 million;0.0;3.7 m;7.7 m
342;Soyuz 2.1b/Fregat;RKK Energiya;https://en.wikipedia.org/wiki/Soyuz-2;Active;4,150;0.0;4;4;42.5 m;$48.5 million;3.25;3.7 m;7.7 m
343;Soyuz 2.1b/Fregat-M;RKK Energiya;https://en.wikipedia.org/wiki/Soyuz-2;Active;4,150;0.0;4;4;42.5 m;;3.25;3.7 m;7.7 m
344;Soyuz 2.1v;RKK Energiya;https://en.wikipedia.org/wiki/Soyuz-2-1v;Active;;2.85;3;0;;;0.0;3.7 m;7.7 m
345;Soyuz 2.1v/Volga;RKK Energiya;https://en.wikipedia.org/wiki/Soyuz-2-1v;Active;;2.85;4;0;;;0.0;3.7 m;7.7 m
346;Soyuz 5;RKK Energiya;https://en.wikipedia.org/wiki/Irtysh_(rocket);Planned;7,257;17.0;2;0;61.9 m;;5.0;4.1 m;
347;Soyuz 5/Fregat SBU;RKK Energiya;https://en.wikipedia.org/wiki/Irtysh_(rocket);Planned;7,257;17.0;3;0;61.9 m;;5.0;4.1 m;
348;Soyuz 6;Roscosmos;;Planned;;9.0;;0;;;0.0;;
349;Soyuz 7;Roscosmos;https://en.m.wikipedia.org/wiki/Soyuz-7_(rocket);Planned;;13.0;;0;;;0.0;;
350;Soyuz FG;RKK Energiya;https://en.wikipedia.org/wiki/Soyuz-FG;Retired;4,056;6.9;3;4;49.5 m;;0.0;;
351;Soyuz FG/Fregat;RKK Energiya;https://en.wikipedia.org/wiki/Soyuz-FG;Retired;;7.8;3;4;42.5 m;;0.0;;
352;Soyuz L;OKB-1;https://en.wikipedia.org/wiki/Soyuz-L;Retired;4,054;5.5;2;4;50.0 m;;0.0;3.8 m;
353;Soyuz M;OKB-1;https://en.wikipedia.org/wiki/Soyuz-M;Retired;995;6.6;2;4;50.0 m;;0.0;;
354;Soyuz ST-A/Fregat;RKK Energiya;https://en.wikipedia.org/wiki/Soyuz-2;Active;4,150;0.0;4;4;46.2 m;$80.0 million;2.81;4.11 m;11.4 m
355;Soyuz ST-A/Fregat-M;RKK Energiya;https://en.wikipedia.org/wiki/Soyuz-2;Active;4,150;0.0;4;4;46.2 m;;2.81;4.11 m;11.4 m
356;Soyuz ST-B/Fregat-M;RKK Energiya;https://en.wikipedia.org/wiki/Soyuz-2#Soyuz-2.1b;Active;4,150;0.0;4;4;46.2 m;;3.25;4.11 m;11.4 m
357;Soyuz ST-B/Fregat-MT;RKK Energiya;https://en.wikipedia.org/wiki/Soyuz-2#Soyuz-2.1b;Active;;0.0;4;4;46.2 m;;3.25;4.11 m;11.4 m
358;Soyuz U;RKK Energiya;https://en.wikipedia.org/wiki/Soyuz-U;Retired;4,147;6.9;3;4;51.1 m;;0.0;3.7 m;7.7 m
359;Soyuz U2;RKK Energiya;https://en.wikipedia.org/wiki/Soyuz-U2;Retired;;7.05;2;4;34.5 m;;0.0;;
360;Soyuz U/Fregat;RKK Energiya;https://en.wikipedia.org/wiki/Soyuz-U;Retired;;6.9;3;4;46.7 m;;0.0;;
361;Soyuz U/Ikar;RKK Energiya;https://en.wikipedia.org/wiki/Soyuz-U;Retired;;6.9;3;4;47.3 m;;0.0;;
362;Space Shuttle Atlantis;NASA;https://en.wikipedia.org/wiki/Space_Shuttle_Atlantis;Retired;30,250;27.5;2;2;56.1 m;$450.0 million;3.81;;
363;Space Shuttle Challenger;NASA;https://en.wikipedia.org/wiki/Space_Shuttle_Challenger;Retired;30,250;27.5;2;2;56.1 m;$450.0 million;3.81;;
364;Space Shuttle Columbia;NASA;https://en.wikipedia.org/wiki/Space_Shuttle_Columbia;Retired;30,250;27.5;2;2;56.1 m;$450.0 million;3.81;;
365;Space Shuttle Discovery;NASA;https://en.wikipedia.org/wiki/Space_Shuttle_Discovery;Retired;30,250;27.5;2;2;56.1 m;$450.0 million;3.81;;
366;Space Shuttle Endeavour;NASA;https://en.wikipedia.org/wiki/Space_Shuttle_Endeavour;Retired;30,250;27.5;2;2;56.1 m;$450.0 million;3.81;;
367;Sputnik 8A91;OKB-1;https://en.wikipedia.org/wiki/Sputnik_(rocket);Retired;3,784;1.327;2;4;31.0 m;;0.0;3.0 m;3.0 m
368;Sputnik 8K71PS;OKB-1;https://en.wikipedia.org/wiki/Sputnik_(rocket);Retired;3,903;0.5;2;4;29.1 m;;0.0;2.95 m;3.0 m
369;SS-520;JAXA;https://en.wikipedia.org/wiki/S-Series_(rocket_family)#SS-520;Active;;0.004;3;0;9.54 m;;0.0;0.52 m;
370;SSLV;ISRO;https://en.wikipedia.org/wiki/Small_Satellite_Launch_Vehicle;Planned;;0.5;4;0;34.0 m;;0.0;2.0 m;
371;Starship Prototype;SpaceX;https://en.wikipedia.org/wiki/SpaceX_Starship;Active;6,000;0.0;1;0;50.0 m;;0.0;;
372;Starship-Super Heavy;SpaceX;https://en.wikipedia.org/wiki/BFR_(rocket);Planned;61,800;100.0;2;0;118.0 m;;0.0;9.0 m;
373;Start;MITT;https://en.wikipedia.org/wiki/Start-1#Variants;Retired;;0.85;5;0;;;0.0;;
374;Start-1;MITT;https://en.wikipedia.org/wiki/Start-1;Active;980;0.532;4;0;23.0 m;;0.167;;
375;Strela;NPO Mach;https://en.wikipedia.org/wiki/Strela_(rocket);Retired;2,080;1.5;3;0;29.2 m;;0.0;1.55 m;5.4 m
376;Super Stripy;Sandia;https://en.wikipedia.org/wiki/SPARK_(rocket);Active;134;0.25;3;0;18.0 m;$15.0 million;0.0;1.32 m;
377;Taepodong-1;KCST;https://en.wikipedia.org/wiki/Taepodong-1;Retired;525;0.0;3;0;26.0 m;;0.0;1.0 m;
378;Terran-1;Relativity;https://en.wikipedia.org/wiki/Relativity_Space#Terran_1_launch_vehicle;Planned;;1.25;2;0;;$10.0 million;0.0;;
379;Thor-DM 18 Able I;US Air Force;https://en.wikipedia.org/wiki/Thor-Able;Retired;;0.12;3;0;27.0 m;;0.0;;
380;Thor DM-18 Able-II;US Air Force;https://en.wikipedia.org/wiki/Thor-Able;Retired;;0.0;3;0;;;0.0;;
381;Thor DM-18 Able-III;US Air Force;https://en.wikipedia.org/wiki/Thor-Able;Retired;;0.0;3;0;;;0.0;;
382;Thor DM-18 Able-IV;US Air Force;https://en.wikipedia.org/wiki/Thor-Able;Retired;;0.0;3;0;;;0.0;;
383;Thor-DM18 Agena-A;US Air Force;https://en.wikipedia.org/wiki/Thor-Agena;Retired;;0.0;3;0;;;0.0;;
384;Thor DM-19 Delta;US Air Force;https://en.wikipedia.org/wiki/Thor-Delta;Retired;;0.0;0;3;;;0.0;;
385;Thor-DM21 Ablestar;US Air Force;https://en.wikipedia.org/wiki/Thor-Ablestar;Retired;760;0.15;0;2;29.0 m;;0.0;;
386;Thor DM-21 Agena-B;US Air Force;https://en.wikipedia.org/wiki/Thor-Agena;Retired;;0.0;3;0;;;0.0;;
387;Thor DM-21 Agena-D;US Air Force;https://en.wikipedia.org/wiki/Thor-Agena;Retired;;0.0;3;0;;;0.0;;
388;Thor-DSV2A Ablestar;US Air Force;https://en.wikipedia.org/wiki/Thor-Ablestar;Retired;;0.0;2;0;;;0.0;;
389;Thor-SLV2A Agena-D;US Air Force;https://en.wikipedia.org/wiki/Thor-Agena;Retired;1,571;0.0;2;3;31.0 m;;0.0;;
390;Titan 34D;Martin Marietta;https://en.wikipedia.org/wiki/Titan_34D#Specification;Retired;11,279;14.515;3;2;50.0 m;;5.0;3.05 m;
391;Titan II(23)G;Lockheed;https://en.wikipedia.org/wiki/Titan_23G;Retired;1,900;3.6;2;;42.9 m;$35.0 million;0.0;3.05 m;9.1 m
392;Titan II GLV;NASA;https://en.wikipedia.org/wiki/Titan_II_GLV;Retired;1,913;3.58;2;0;33.2 m;;0.0;;
393;Titan III(23)B;US Air Force;https://en.wikipedia.org/wiki/Titan_IIIB#Titan_23B;Retired;2,300;3.3;3;0;45.0 m;;0.0;1.5 m;
394;Titan III(23)C;US Air Force;https://en.wikipedia.org/wiki/Titan_IIIC;Retired;13,642;13.1;3;2;42.0 m;;3.0;3.0 m;
395;Titan III(24)B;US Air Force;https://en.wikipedia.org/wiki/Titan_IIIB#Titan_24B;Retired;2,410;4.0;3;0;50.0 m;;0.0;3.05 m;
396;Titan-III(33)B Agena-D;Martin Marietta;https://en.wikipedia.org/wiki/Titan_IIIB#Titan_33B;Retired;2,300;0.0;3;;45.0 m;;0.0;3.05 m;
397;Titan III(34)B Agena-D;Martin Marietta;https://en.wikipedia.org/wiki/Titan_IIIB#Titan_34B;Retired;2,300;0.0;3;;45.0 m;;0.0;3.05 m;
398;Titan IIIA;US Air Force;https://en.wikipedia.org/wiki/Titan_IIIA;Retired;1,936;3.1;3;0;42.0 m;$63.23 million;0.0;;
399;Titan IIIB;US Air Force;https://en.wikipedia.org/wiki/Titan_IIIB;Retired;2,300;3.3;3;0;45.0 m;$59.0 million;0.0;1.52 m;
400;Titan IIIC;US Air Force;https://en.wikipedia.org/wiki/Titan_IIIC;Retired;13,642;13.1;3;2;42.0 m;;3.0;3.0 m;
401;Titan IIID;Martin Marietta;https://en.wikipedia.org/wiki/Titan_IIID;Retired;10,587;12.3;2;2;36.0 m;;0.0;;
402;Titan IIIE;Martin Marietta;https://en.wikipedia.org/wiki/Titan_IIIE;Retired;12,769;15.4;3;2;48.8 m;;0.0;;
403;Titan IV(401)A;Lockheed;https://en.wikipedia.org/wiki/Titan_IV#Titan_IV-A;Retired;14,200;0.0;3;2;63.0 m;;0.0;5.1 m;
404;Titan IV(401)B;Lockheed;https://en.wikipedia.org/wiki/Titan_IV#Titan_IV-B;Retired;15,000;0.0;3;2;62.0 m;;0.0;5.1 m;
405;Titan IV(402)A;Martin Marietta;https://en.wikipedia.org/wiki/Titan_IV#Titan_IV-A;Retired;14,200;0.0;4;2;54.0 m;;4.944;5.1 m;
406;Titan IV(402)B;Lockheed;https://en.wikipedia.org/wiki/Titan_IV#Titan_IV-B;Retired;15,000;0.0;4;2;54.0 m;;0.0;5.1 m;
407;Titan IV(403)A;Lockheed;https://en.wikipedia.org/wiki/Titan_IV#Titan_IV-A;Retired;14,200;17.7;2;2;54.0 m;;0.0;5.1 m;
408;Titan IV(403)B;Lockheed;https://en.wikipedia.org/wiki/Titan_IV#Titan_IV-B;Retired;15,000;21.68;2;2;54.0 m;;0.0;5.1 m;
409;Titan IV(404)A;Lockheed;https://en.wikipedia.org/wiki/Titan_IV#Titan_IV-A;Retired;14,200;17.7;2;2;54.0 m;;0.0;5.1 m;
410;Titan IV(404)B;Lockheed;https://en.wikipedia.org/wiki/Titan_IV#Titan_IV-B;Retired;15,000;21.68;2;2;54.0 m;;0.0;5.1 m;
411;Titan IV(405)A;Lockheed;https://en.wikipedia.org/wiki/Titan_IV#Titan_IV-A;Retired;14,200;17.7;2;2;54.0 m;;0.0;5.1 m;
412;Titan IV(405)B;Lockheed;https://en.wikipedia.org/wiki/Titan_IV#Titan_IV-B;Retired;15,000;21.68;2;2;54.0 m;;0.0;5.1 m;
413;Tsyklon;Yuzhmash;https://en.wikipedia.org/wiki/Tsyklon;Retired;2,640;3.0;2;0;40.0 m;;0.0;2.0 m;
414;Tsyklon-2;Yuzhmash;https://en.wikipedia.org/wiki/Tsyklon-2;Retired;2,640;2.82;3;0;;;0.0;2.0 m;
415;Tsyklon-2A;Yuzhmash;https://en.wikipedia.org/wiki/Tsyklon;Retired;2,640;3.0;2;0;;;0.0;2.0 m;
